
SELECT 		è il comando che permette la selezione dei dati, ma anche la visualizzazione.

		SELECT 'Hello World !';			// stamperá il nostro amato Hello World ! ma 2 volte

			+---------------+
			| Hello World ! |
			+---------------+
			| Hello World ! |
			+---------------+
			1 row in set (0.00 sec)

			Appare due volte perché MySQL rappresenta i dati come una tabella. 
			Quindi visualizza una tabella con una colonna, che chiama "Hello World!", per mancanza di informazioni migliori. E in questa tabella, abbiamo una fila di dati, il "Hello World!" che abbiamo richiesto.
				


SINTASSI


	; 		istruzione TERMINA SEMPRE con i ;



	# 		tutto ciò che segue questo carattere sarà considerato come un commento.

	--		introduzione di un commento , la sintassi normale è accettata solo se 
			entrambi i trattini sono seguiti da almeno uno spazio.


---------------------------------------------------------------------------------------------

STRINGHE DI CARATTERI 
	
	Quando si scrive una stringa di caratteri in un comando SQL, è essenziale circondarla con virgolette singole (apostrofi).

	MySQL consente anche l'uso di virgolette doppie, ma questo non è il caso della maggior parte degli RDBMS. Per non entrare in cattive abitudini, ti consiglio di usare solo virgolette singole per delimitare le stringhe dei caratteri.

	es:
		SELECT 'Hello World !';

		#oppure ma non consigliato	

		SELECT "Hello World !";


	CARATTERE SPECIALE 
		se si desidera utilizzare un carattere speciale in una stringa, sarà necessario \

		es:
			 SELECT 'guarda l\'aereo\!';

		NB 	solo in caso dell'apostrofo posso ripeterla due volte anziché mettere lo slash 

		es:
			 SELECT 'guarda l''aereo\!';


	ALTRI CARATTERI SPECIALI 

	\n  	accapo
	\t 		scheda

	\\ 		antislash (sì, devi sfuggire al carattere di scarico ...)

	% 		percentuale (vedrai perché più tardi)

	_		sottolineato (vedrai perché anche più tardi)		 


		NB 	Altri RDBMS potrebbero usare altri caratteri


-----------------------------------------------------------------------------------------

MATEMATICA

	Niente virgolette, questa volta, dato che sono numeri. 
	MySQL calcola per noi e ci mostra il risultato.


	SELECT (5+3)*2;
	
		+---------+
		| (5+3)*2 |
		+---------+
		|      16 |
		+---------+
		1 row in set (0.00 sec)


	MySQL è sensibile alla priorità delle operazioni, come puoi vedere digitando questo comando:

	SELECT (5+3)*2, 5+3*2;

		+---------+-------+
		| (5+3)*2 | 5+3*2 |
		+---------+-------+
		|      16 |    11 |
		+---------+-------+
		1 row in set (0.00 sec)


---------------------------------------------------------------------------------------------

UTENTE

	Non è molto consigliabile lavorare come "root" in MySQL, a meno che non ne abbiate specificamente bisogno. In effetti, "root" ha tutti i diritti.

	Per evitare ciò, creeremo un nuovo utente che avrà diritti molto limitati.


CREARE UN NUOVO UTENTE

	Per quelli su Unix, nota che se crei un utente con lo stesso nome del tuo utente Unix, sarai in grado di omettere questo parametro quando ti connetti a mysql.

CREARE UN UTENTE CON ACCESSO A UN SOLO DATABASE

	CREATE USER 'nomeUtente'@'localhost' IDENTIFIED BY 'pasword';
	GRANT ALL PRIVILEGES ON nomeDatabase.* TO 'nomeUtente'@'localhost';



	CREATE USER 'nomeUtente' 	questo comando crea l'utente nomeUtente.

	@'localhost' 	 			Definisce da dove l'utente può connettersi. 
								Nel nostro caso, 'localhost', quindi dovrà essere collegato da questo computer.

	IDENTIFIED BY 'pasword' 	imposta la password dell'utente.

	GRANT ALL PRIVILEGES : 		questo comando consente di assegnare tutti i diritti 
								(ad es. inserimenti di dati, selezioni, modifiche, cancellazioni, ecc.)

	ON nomeDatabase.* 			Definisce i database e le tabelle su cui vengono acquisiti 
								questi diritti.
								Quindi qui, diamo i diritti sul database "nomeDatabase" (che non esiste ancora, ma non importa, lo creeremo in seguito), per tutte le tabelle di questo database (grazie a *).

	TO 'nomeUtente'@'localhost' definisce l'utente (e il suo host) a cui vengono concessi 
								questi diritti.


PER CONNETTERSI A MySQL CON UN ALTRO UTENTE DIGITARE	(prima efettuare la disconnesione!!!)
	
		mysql -u nomeUtente -p 


---------------------------------------------------------------------------------------





































